Card,Set ID,Set Name,Quantity,Foil
Abrupt Decay,RTR,Return to Ravnica,4,
Absolute Law,UZ,Urza's Saga,1,
Academy Elite,CNS,Conspiracy,1,
Academy Rector,UD,Urza's Destiny,4,
Academy Ruins,TSP,Time Spiral,4,
Acidic Slime,M10,Magic 2010,1,
Ad Nauseam,ALA,Shards of Alara,3,
Adarkar Wastes,ICE,Ice Age,4,
Aether Membrane,PLC,Planar Chaos,1,
Aether Spellbomb,MRD,Mirrodin,4,
Aether Vial,DST,Darksteel,4,
Aetherling,DGM,Dragon's Maze,1,
Ajani Vengeant,ALA,Shards of Alara,2,
"Akroma, Angel of Wrath",LGN,Legions,4,
Alchemist's Refuge,AVR,Avacyn Restored,1,
All Is Dust,PRM-GPP,Grand Prix Foil,2,
All Is Dust,MM2,Modern Masters 2015,1,
Altar of Dementia,TE,Tempest,1,
Altar's Reap,ISD,Innistrad,1,
Amulet of Vigor,WWK,Worldwake,1,
"Anafenza, Kin-Tree Spirit",DTK,Dragons of Tarkir,1,
Ancestral Vision,TSP,Time Spiral,4,
Ancient Den,MRD,Mirrodin,4,
Ancient Grudge,ISD,Innistrad,4,
Ancient Grudge,TSP,Time Spiral,7,
Ancient Spring,IN,Invasion,4,
Ancient Stirrings,ROE,Rise of the Eldrazi,4,
Ancient Tomb,TE,Tempest,4,
Ancient Ziggurat,CON,Conflux,4,
Angel's Grace,TSP,Time Spiral,4,
Anger of the Gods,THS,Theros,3,
Animate Dead,EMA,Eternal Masters,4,
Apostle's Blessing,NPH,New Phyrexia,4,
Arcane Denial,ALL,Alliances,1,
Arcbound Crusher,DST,Darksteel,1,
Arcbound Ravager,DST,Darksteel,4,
Arcbound Reclaimer,DST,Darksteel,1,
Arcbound Worker,DST,Darksteel,4,
Architects of Will,ARB,Alara Reborn,4,
Ardent Plea,ARB,Alara Reborn,4,
Argothian Enchantress,UZ,Urza's Saga,4,
Arid Mesa,ZEN,Zendikar,2,
Armageddon,P02,Portal Second Age,1,
Army of the Damned,ISD,Innistrad,1,
Arrogant Wurm,TOR,Torment,4,
Ascendant Evincar,10E,10th Edition,1,
Ashen Rider,THS,Theros,1,
Ashnod's Transmogrant,ATQ,Antiquities,1,
Atarka's Command,DTK,Dragons of Tarkir,2,
Auntie's Hovel,LRW,Lorwyn,4,
Auriok Salvagers,5DN,Fifth Dawn,4,
Aven Mindcensor,FUT,Future Sight,4,
Azorius Chancery,DIS,Dissension,1,
Azorius Guildmage,DIS,Dissension,1,
Azorius Signet,DIS,Dissension,4,
"Azusa, Lost but Seeking",CHK,Champions of Kamigawa,2,
Back from the Brink,ISD,Innistrad,1,
Back to Basics,UZ,Urza's Saga,4,
Badlands,3ED,Revised Edition,4,
Balance,3ED,Revised Edition,1,
Balance,4ED,4th Edition,1,
Baleful Force,C13,Commander 2013,1,
Baleful Strix,C16,Commander 2016,4,
Baneslayer Angel,M10,Magic 2010,1,
Banisher Priest,M14,Magic 2014,3,
Banishing Stroke,AVR,Avacyn Restored,1,
Bant Charm,ALA,Shards of Alara,1,
"Baral, Chief of Compliance",AER,Aether Revolt,2,
Barbarian Ring,OD,Odyssey,4,
Barren Moor,ONS,Onslaught,6,
Basalt Monolith,3ED,Revised Edition,2,
Basilisk Collar,WWK,Worldwake,2,
Basking Rootwalla,TOR,Torment,4,
Batterskull,PRM-GPP,Grand Prix Foil,1,
Batterskull,NPH,New Phyrexia,1,
Battlefield Forge,AP,Apocalypse,4,
Bayou,3ED,Revised Edition,4,
Bazaar Trader,WWK,Worldwake,1,
Beacon of Unrest,5DN,Fifth Dawn,1,
Beast Within,NPH,New Phyrexia,5,
Beck/Call,DGM,Dragon's Maze,1,
Become Immense,KTK,Khans of Tarkir,4,
Berserk,2ED,Unlimited Edition,1,
Bident of Thassa,THS,Theros,1,
Birchlore Rangers,ONS,Onslaught,4,
Birds of Paradise,3ED,Revised Edition,2,
Birds of Paradise,4ED,4th Edition,2,
Birds of Paradise,M10,Magic 2010,1,
Birds of Paradise,M11,Magic 2011,1,
Birds of Paradise,M12,Magic 2012,1,
Birthing Pod,NPH,New Phyrexia,4,
Black Vise,3ED,Revised Edition,2,
Black Vise,4ED,4th Edition,1,
Blackcleave Cliffs,SOM,Scars of Mirrodin,4,
Blasting Station,5DN,Fifth Dawn,1,
Blazing Archon,RAV,Ravnica: City of Guilds,2,
Blazing Shoal,BOK,Betrayers of Kamigawa,1,
Blighted Agent,NPH,New Phyrexia,4,
Blightsteel Colossus,MBS,Mirrodin Besieged,2,
Blinkmoth Nexus,DST,Darksteel,4,
Blinkmoth Urn,MRD,Mirrodin,1,
Blood Crypt,DIS,Dissension,3,
Blood Crypt,RTR,Return to Ravnica,1,
Blood Moon,DRK,The Dark,4,
Bloodbraid Elf,ARB,Alara Reborn,4,
Bloodghast,ZEN,Zendikar,3,
Bloodgift Demon,ISD,Innistrad,1,
Bloodstained Mire,ONS,Onslaught,4,
Blooming Marsh,KLD,Kaladesh,2,
Blue Elemental Blast,3ED,Revised Edition,4,
Blue Elemental Blast,4ED,4th Edition,1,
Boil,8ED,8th Edition,1,
Boil,TE,Tempest,2,
Bojuka Bog,WWK,Worldwake,5,
Bone Splinters,ALA,Shards of Alara,1,
Boom/Bust,PLC,Planar Chaos,4,
Boros Charm,GTC,Gatecrash,5,
Boros Signet,RAV,Ravnica: City of Guilds,4,
"Boseiju, Who Shelters All",CHK,Champions of Kamigawa,3,
Bounding Krasis,ORI,Magic Origins,4,
Brain Freeze,SCG,Scourge,4,
Brainstorm,5ED,5th Edition,2,
Brainstorm,CNS,Conspiracy,9,
Brainstorm,EMA,Eternal Masters,4,
Brainstorm,ICE,Ice Age,9,
Brainstorm,MMQ,Mercadian Masques,4,
Brave the Elements,ZEN,Zendikar,4,
Breakthrough,TOR,Torment,1,
Breeding Pool,DIS,Dissension,3,
Breeding Pool,GTC,Gatecrash,2,
Breezekeeper,VI,Visions,1,
Bridge from Below,FUT,Future Sight,4,
Bring to Light,BFZ,Battle for Zendikar,2,
Brushland,ICE,Ice Age,4,
Bump in the Night,ISD,Innistrad,4,
Buried Ruin,M12,Magic 2012,4,
Burn at the Stake,AVR,Avacyn Restored,1,
Burning Wish,JUD,Judgment,4,
Burning-Tree Emissary,GTC,Gatecrash,4,
Cabal Ritual,TOR,Torment,4,
Cabal Therapy,JUD,Judgment,8,
Cackling Counterpart,ISD,Innistrad,1,
Call to Heel,ALA,Shards of Alara,1,
Call to Mind,M11,Magic 2011,1,
Call to the Grave,SCG,Scourge,1,
Careful Study,OD,Odyssey,6,
Carpet of Flowers,UZ,Urza's Saga,1,
Carrion Call,SOM,Scars of Mirrodin,4,
Cartel Aristocrat,GTC,Gatecrash,1,
Cascade Bluffs,EVE,Eventide,4,
Cast Through Time,ROE,Rise of the Eldrazi,1,
Cataclysm,EX,Exodus,1,
Cathartic Reunion,KLD,Kaladesh,4,
Cavern of Souls,AVR,Avacyn Restored,3,
Caves of Koilos,AP,Apocalypse,4,
Celestial Colonnade,WWK,Worldwake,1,
Celestial Purge,CON,Conflux,4,
Celestial Purge,M10,Magic 2010,3,
Cemetery Reaper,M12,Magic 2012,1,
Cephalid Coliseum,OD,Odyssey,4,
Chain Lightning,LEG,Legends,4,
Chain of Vapor,ONS,Onslaught,4,
Chalice of the Void,MRD,Mirrodin,4,
Chancellor of the Annex,NPH,New Phyrexia,4,
"Chandra, Pyromaster",M15,Magic 2015,2,
Channel,3ED,Revised Edition,4,
Chaos Warp,CMD,Commander (2011),2,
Charmbreaker Devils,ISD,Innistrad,1,
Charnelhoard Wurm,C13,Commander 2013,1,
Children of Korlis,TSP,Time Spiral,4,
Chill,TE,Tempest,4,
Chimney Imp,MRD,Mirrodin,1,
Choke,TE,Tempest,4,
Chord of Calling,RAV,Ravnica: City of Guilds,1,
Chromatic Sphere,MRD,Mirrodin,4,
Chromatic Star,TSP,Time Spiral,5,
Chrome Mox,MRD,Mirrodin,4,
Chronosavant,TSP,Time Spiral,1,
Circle of Protection: Red,TE,Tempest,4,
City of Brass,CHR,Chronicles,4,
City of Traitors,EX,Exodus,4,
Clock of Omens,5DN,Fifth Dawn,1,
Cloud of Faeries,UL,Urza's Legacy,4,
Cloudpost,MRD,Mirrodin,4,
Cloudstone Curio,RAV,Ravnica: City of Guilds,1,
Coalition Relic,FUT,Future Sight,2,
Codex Shredder,RTR,Return to Ravnica,1,
Coffin Queen,TE,Tempest,1,
Coiling Oracle,DIS,Dissension,1,
Collected Company,DTK,Dragons of Tarkir,1,
Collective Brutality,EMN,Eldritch Moon,3,
Comet Storm,PRM-PRE,Prerelease Foil,1,
Command Tower,CMD,Commander (2011),2,
Commandeer,CSP,Coldsnap,2,
Compost,UD,Urza's Destiny,3,
Condemn,10E,10th Edition,3,
Condemn,DIS,Dissension,4,
Condemn,M11,Magic 2011,1,
Condescend,5DN,Fifth Dawn,4,
Conflagrate,TSP,Time Spiral,4,
Conjured Currency,RTR,Return to Ravnica,1,
Consecrated Sphinx,MBS,Mirrodin Besieged,1,
Consuming Aberration,GTC,Gatecrash,1,
Containment Priest,C14,Commander 2014,2,
Copperline Gorge,SOM,Scars of Mirrodin,2,
Coralhelm Commander,ROE,Rise of the Eldrazi,2,
Corpse Dance,TE,Tempest,1,
Council's Judgment,CNS,Conspiracy,2,
Counterbalance,CSP,Coldsnap,4,
Counterflux,RTR,Return to Ravnica,3,
Counterspell,3ED,Revised Edition,1,
Counterspell,ICE,Ice Age,8,
Counterspell,MMQ,Mercadian Masques,1,
Counterspell,TE,Tempest,4,
Countersquall,CON,Conflux,4,
Cranial Extraction,CHK,Champions of Kamigawa,4,
Cranial Plating,5DN,Fifth Dawn,7,
Craterhoof Behemoth,AVR,Avacyn Restored,2,
Creeping Corrosion,MBS,Mirrodin Besieged,1,
Crop Rotation,UL,Urza's Legacy,4,
Crosis's Charm,C13,Commander 2013,1,
Crucible of Worlds,5DN,Fifth Dawn,4,
Cruel Ultimatum,ALA,Shards of Alara,2,
Crumbling Necropolis,ALA,Shards of Alara,1,
Cryptic Command,LRW,Lorwyn,4,
Crystal Shard,MRD,Mirrodin,1,
Cunning Wish,JUD,Judgment,4,
Cursecatcher,SHM,Shadowmoor,5,
Cursed Scroll,TE,Tempest,4,
Cursed Totem,MI,Mirage,4,
Cyclonic Rift,RTR,Return to Ravnica,1,
Dakmor Salvage,FUT,Future Sight,3,
Damnation,PLC,Planar Chaos,4,
Dance of the Dead,ICE,Ice Age,3,
Dangerous Wager,AVR,Avacyn Restored,1,
Dark Confidant,RAV,Ravnica: City of Guilds,4,
Dark Depths,CSP,Coldsnap,4,
Dark Petition,ORI,Magic Origins,1,
Dark Ritual,ICE,Ice Age,2,
Dark Ritual,MI,Mirage,4,
Dark Ritual,TE,Tempest,1,
Dark Ritual,UZ,Urza's Saga,4,
Darkblast,RAV,Ravnica: City of Guilds,4,
Darkslick Shores,SOM,Scars of Mirrodin,4,
Darksteel Citadel,DST,Darksteel,9,
Darksteel Forge,DST,Darksteel,1,
Darksteel Ingot,DST,Darksteel,3,
Dauntless Escort,ARB,Alara Reborn,1,
Dawn of the Dead,TOR,Torment,1,
Daybreak Coronet,FUT,Future Sight,2,
Daybreak Coronet,MM2,Modern Masters 2015,2,
Daze,NE,Nemesis,9,
Dead Ringers,AP,Apocalypse,1,
Dead/Gone,PLC,Planar Chaos,4,
Deadbridge Chant,DGM,Dragon's Maze,1,
Deadshot Minotaur,ARB,Alara Reborn,4,
Death Cloud,DST,Darksteel,4,
Death Wish,JUD,Judgment,4,
Death's Shadow,WWK,Worldwake,2,
Deathbringer Thoctar,ARB,Alara Reborn,1,
Deathmark,M11,Magic 2011,2,
Deathrite Shaman,RTR,Return to Ravnica,4,
Deceiver Exarch,NPH,New Phyrexia,4,
Decree of Pain,SCG,Scourge,1,
Deep Analysis,TOR,Torment,4,
Defense Grid,UL,Urza's Legacy,4,
Deflecting Palm,KTK,Khans of Tarkir,1,
Deglamer,MOR,Morningtide,4,
Delver of Secrets,ISD,Innistrad,4,
Demigod of Revenge,SHM,Shadowmoor,4,
Demonic Consultation,ICE,Ice Age,1,
Demonic Dread,ARB,Alara Reborn,4,
Demonic Tutor,3ED,Revised Edition,2,
Demonic Tutor,DDC,Duel Decks: Divine vs. Demonic,2,
Desertion,VI,Visions,1,
Desolate Lighthouse,AVR,Avacyn Restored,1,
Desperate Ravings,ISD,Innistrad,4,
Desperate Ritual,CHK,Champions of Kamigawa,4,
Destructive Revelry,THS,Theros,4,
Devoted Druid,SHM,Shadowmoor,4,
Devour Flesh,GTC,Gatecrash,1,
Diabolic Edict,TE,Tempest,4,
Dictate of Kruphix,JOU,Journey into Nyx,1,
Dig Through Time,KTK,Khans of Tarkir,4,
Diluvian Primordial,GTC,Gatecrash,1,
Diminishing Returns,ALL,Alliances,1,
Dimir Aqueduct,RAV,Ravnica: City of Guilds,1,
Dimir Signet,RAV,Ravnica: City of Guilds,5,
Disciple of Bolas,M13,Magic 2013,1,
Disciple of the Vault,MRD,Mirrodin,4,
Disenchant,ICE,Ice Age,1,
Disenchant,MI,Mirage,2,
Disenchant,TSB,Time Spiral Timeshifted,1,
Disenchant,UZ,Urza's Saga,2,
Disfigure,ZEN,Zendikar,4,
Dismember,MM2,Modern Masters 2015,1,
Dismember,NPH,New Phyrexia,5,
Dispatch,NPH,New Phyrexia,3,
Dispel,RTR,Return to Ravnica,4,
Disrupt,WL,Weatherlight,4,
Disrupting Shoal,BOK,Betrayers of Kamigawa,4,
Distortion Strike,ROE,Rise of the Eldrazi,4,
Disturbed Burial,TE,Tempest,1,
Diviner Spirit,C13,Commander 2013,1,
Domri Rade,GTC,Gatecrash,1,
Doom Blade,M10,Magic 2010,4,
Draining Whelk,TSP,Time Spiral,1,
Dread Return,TSP,Time Spiral,4,
Dread of Night,TE,Tempest,3,
Dreadship Reef,TSP,Time Spiral,4,
Dream Fracture,EVE,Eventide,1,
Dream Halls,ST,Stronghold,4,
Dreamstone Hedron,ROE,Rise of the Eldrazi,1,
Dredge,IN,Invasion,1,
Dryad Arbor,FUT,Future Sight,4,
Duplicant,MRD,Mirrodin,4,
Duress,DTK,Dragons of Tarkir,7,
Duress,M10,Magic 2010,4,
Duress,M14,Magic 2014,4,
Dust Bowl,MMQ,Mercadian Masques,1,
Dust Elemental,PLC,Planar Chaos,1,
Earwig Squad,MOR,Morningtide,4,
Eater of Days,DST,Darksteel,1,
Echoing Truth,DST,Darksteel,5,
Eidolon of the Great Revel,JOU,Journey into Nyx,4,
Eiganjo Castle,CHK,Champions of Kamigawa,1,
Eladamri's Call,PS,Planeshift,5,
Eldrazi Displacer,OGW,Oath of the Gatewatch,2,
Eldrazi Temple,ROE,Rise of the Eldrazi,2,
Electrickery,RTR,Return to Ravnica,4,
Electrolyze,GPT,Guildpact,4,
Elephant Grass,VI,Visions,4,
"Elesh Norn, Grand Cenobite",NPH,New Phyrexia,1,
Elkin Bottle,ICE,Ice Age,1,
Elsewhere Flask,SHM,Shadowmoor,1,
"Elspeth, Knight-Errant",ALA,Shards of Alara,4,
Elvish Archdruid,M10,Magic 2010,4,
Elvish Spirit Guide,ALL,Alliances,4,
Elvish Visionary,M10,Magic 2010,4,
Emerald Charm,VI,Visions,1,
"Emeria, the Sky Ruin",ZEN,Zendikar,3,
Empty the Warrens,MMA,Modern Masters (2013),1,
Empty the Warrens,TSP,Time Spiral,4,
"Emrakul, the Aeons Torn",PRM-PRE,Prerelease Foil,2,
"Emrakul, the Aeons Torn",ROE,Rise of the Eldrazi,2,
Enchantress's Presence,ONS,Onslaught,4,
Endbringer,OGW,Oath of the Gatewatch,1,
Endless Ranks of the Dead,ISD,Innistrad,1,
Energy Flux,3ED,Revised Edition,1,
Engineered Explosives,5DN,Fifth Dawn,4,
Engineered Plague,UL,Urza's Legacy,4,
Enlightened Tutor,MI,Mirage,4,
Ensnaring Bridge,ST,Stronghold,4,
Enter the Infinite,GTC,Gatecrash,4,
Entomb,OD,Odyssey,4,
Entomber Exarch,NPH,New Phyrexia,2,
Entreat the Angels,MM3,Modern Masters 2017,2,
Epochrasite,FUT,Future Sight,1,
Equilibrium,EX,Exodus,1,
"Erebos, God of the Dead",THS,Theros,1,
Erratic Portal,EX,Exodus,1,
Essence Warden,PLC,Planar Chaos,4,
Etched Champion,SOM,Scars of Mirrodin,4,
Eternal Witness,5DN,Fifth Dawn,5,
Ethereal Armor,RTR,Return to Ravnica,4,
Ethersworn Canonist,ALA,Shards of Alara,4,
Exhume,UZ,Urza's Saga,4,
Expedition Map,ZEN,Zendikar,5,
Experiment One,GTC,Gatecrash,4,
Exploration,UZ,Urza's Saga,4,
Explore,WWK,Worldwake,5,
Extirpate,PLC,Planar Chaos,3,
Eye of Ugin,WWK,Worldwake,4,
Fact or Fiction,IN,Invasion,4,
Faerie Conclave,UL,Urza's Legacy,4,
Faerie Macabre,SHM,Shadowmoor,5,
Faithless Looting,DKA,Dark Ascension,5,
Familiar's Ruse,LRW,Lorwyn,1,
Farseek,RAV,Ravnica: City of Guilds,5,
Fastbond,3ED,Revised Edition,1,
Fatal Push,AER,Aether Revolt,2,
Fatestitcher,ALA,Shards of Alara,4,
Fauna Shaman,M11,Magic 2011,2,
Favor of the Mighty,LRW,Lorwyn,4,
Fecundity,UZ,Urza's Saga,1,
Fellwar Stone,DRK,The Dark,1,
Fetid Heath,EVE,Eventide,4,
Fiend Hunter,ISD,Innistrad,4,
Figure of Destiny,EVE,Eventide,4,
Fire Covenant,ICE,Ice Age,1,
Fire-Lit Thicket,SHM,Shadowmoor,4,
Fire/Ice,AP,Apocalypse,4,
Fireblast,VI,Visions,4,
Firestorm,WL,Weatherlight,3,
Flagstones of Trokair,TSP,Time Spiral,3,
Flame Jab,EVE,Eventide,4,
Flame Rift,NE,Nemesis,4,
Flame Slash,ROE,Rise of the Eldrazi,4,
Flame-Kin Zealot,RAV,Ravnica: City of Guilds,7,
Flames of the Blood Hand,BOK,Betrayers of Kamigawa,2,
Flaying Tendrils,OGW,Oath of the Gatewatch,3,
Fleetfoot Panther,PS,Planeshift,1,
Fleshbag Marauder,ALA,Shards of Alara,1,
Flickerwisp,EVE,Eventide,4,
Flooded Grove,EVE,Eventide,4,
Flooded Strand,KTK,Khans of Tarkir,2,
Flooded Strand,ONS,Onslaught,4,
Flusterstorm,CMD,Commander (2011),1,
Font of Mythos,CON,Conflux,1,
Forbid,EX,Exodus,2,
Forbidden Orchard,CHK,Champions of Kamigawa,4,
Force Spike,LEG,Legends,4,
Force of Will,ALL,Alliances,4,
Foresee,FUT,Future Sight,1,
Forest,UNH,Unhinged,13,
Forest,ZEN,Zendikar,4,
Forgotten Cave,ONS,Onslaught,4,
Fork,3ED,Revised Edition,1,
Forked Bolt,ROE,Rise of the Eldrazi,3,
Frantic Search,UL,Urza's Legacy,1,
Fulminator Mage,MM2,Modern Masters 2015,1,
Funeral Charm,TSB,Time Spiral Timeshifted,2,
Fungal Reaches,TSP,Time Spiral,4,
Fyndhorn Elves,ICE,Ice Age,4,
Gaddock Teeg,LRW,Lorwyn,4,
Gaea's Blessing,TSB,Time Spiral Timeshifted,3,
Gaea's Blessing,WL,Weatherlight,2,
Gaea's Cradle,UZ,Urza's Saga,2,
Gaea's Might,PS,Planeshift,4,
Galerider Sliver,M14,Magic 2014,1,
Galvanic Blast,SOM,Scars of Mirrodin,4,
Galvanoth,MBS,Mirrodin Besieged,1,
Gamble,UZ,Urza's Saga,2,
Gamekeeper,CNS,Conspiracy,1,
Garruk Relentless,ISD,Innistrad,1,
Gatekeeper of Malakir,ZEN,Zendikar,4,
Gauntlet of Power,TSP,Time Spiral,1,
Gavony Township,ISD,Innistrad,4,
Geist of Saint Traft,ISD,Innistrad,4,
Gempalm Incinerator,LGN,Legions,4,
Gemstone Caverns,TSP,Time Spiral,2,
Gemstone Mine,TSB,Time Spiral Timeshifted,1,
Gemstone Mine,WL,Weatherlight,4,
Geothermal Crevice,IN,Invasion,4,
Gerrard's Verdict,AP,Apocalypse,1,
"Geth, Lord of the Vault",SOM,Scars of Mirrodin,1,
Ghirapur Aether Grid,ORI,Magic Origins,4,
Ghor-Clan Rampager,GTC,Gatecrash,4,
Ghost Quarter,DIS,Dissension,3,
Ghost Quarter,ISD,Innistrad,6,
Ghost Town,TE,Tempest,1,
Ghostly Prison,CHK,Champions of Kamigawa,4,
Ghostway,GPT,Guildpact,1,
Gifts Ungiven,CHK,Champions of Kamigawa,4,
Gilded Drake,UZ,Urza's Saga,1,
Gilded Lotus,MRD,Mirrodin,1,
Gilt-Leaf Palace,LRW,Lorwyn,4,
Gitaxian Probe,NPH,New Phyrexia,14,
Glacial Chasm,ICE,Ice Age,1,
Glacial Fortress,M11,Magic 2011,1,
Glassdust Hulk,ARB,Alara Reborn,4,
Gleemax,UNH,Unhinged,1,
Glen Elendra Archmage,EVE,Eventide,4,
Glimmervoid,MRD,Mirrodin,4,
Glimpse of Nature,CHK,Champions of Kamigawa,4,
Glistener Elf,NPH,New Phyrexia,4,
Glittering Wish,FUT,Future Sight,4,
Gnaw to the Bone,ISD,Innistrad,4,
Go for the Throat,MBS,Mirrodin Besieged,3,
Goblin Bombardment,TE,Tempest,4,
Goblin Bushwhacker,ZEN,Zendikar,4,
Goblin Charbelcher,MRD,Mirrodin,4,
Goblin Chieftain,M10,Magic 2010,4,
Goblin Electromancer,RTR,Return to Ravnica,4,
Goblin Grenade,M12,Magic 2012,4,
Goblin Guide,ZEN,Zendikar,4,
Goblin Lackey,UZ,Urza's Saga,4,
Goblin Matron,UZ,Urza's Saga,4,
Goblin Piledriver,ONS,Onslaught,4,
Goblin Pyromancer,ONS,Onslaught,2,
Goblin Ringleader,AP,Apocalypse,4,
Goblin Sharpshooter,ONS,Onslaught,3,
Goblin Warchief,SCG,Scourge,4,
Goblin Welder,UL,Urza's Legacy,4,
Godless Shrine,GPT,Guildpact,4,
Godless Shrine,GTC,Gatecrash,1,
"Godo, Bandit Warlord",CHK,Champions of Kamigawa,3,
Golgari Charm,RTR,Return to Ravnica,4,
Golgari Grave-Troll,RAV,Ravnica: City of Guilds,4,
Golgari Signet,RAV,Ravnica: City of Guilds,4,
Golgari Thug,RAV,Ravnica: City of Guilds,4,
Gorilla Shaman,ALL,Alliances,4,
Goryo's Vengeance,BOK,Betrayers of Kamigawa,2,
Grab the Reins,MRD,Mirrodin,1,
Grafdigger's Cage,DKA,Dark Ascension,3,
Grand Architect,SOM,Scars of Mirrodin,2,
Grapeshot,TSP,Time Spiral,4,
Grave Betrayal,RTR,Return to Ravnica,1,
Grave Pact,CMD,Commander (2011),1,
Grave Titan,M11,Magic 2011,2,
Graveborn Muse,10E,10th Edition,1,
Gravecrawler,DKA,Dark Ascension,1,
Graven Cairns,FUT,Future Sight,4,
Graven Cairns,SHM,Shadowmoor,3,
Gray Merchant of Asphodel,THS,Theros,1,
Great Furnace,MRD,Mirrodin,11,
Greater Gargadon,TSP,Time Spiral,4,
Green Sun's Zenith,MBS,Mirrodin Besieged,4,
Grim Lavamancer,TOR,Torment,4,
Grim Monolith,UL,Urza's Legacy,3,
Grim Return,M14,Magic 2014,1,
"Grimgrin, Corpse-Born",ISD,Innistrad,1,
Grinding Station,5DN,Fifth Dawn,1,
Griselbrand,AVR,Avacyn Restored,4,
Griselbrand,PRM-GPP,Grand Prix Foil,2,
Grisly Salvage,RTR,Return to Ravnica,1,
Ground Seal,OD,Odyssey,4,
Groundswell,WWK,Worldwake,4,
Grove of the Burnwillows,FUT,Future Sight,4,
Gruul Signet,GPT,Guildpact,4,
Guild Feud,RTR,Return to Ravnica,1,
Gurmag Angler,FRF,Fate Reforged,8,
Gush,MMQ,Mercadian Masques,4,
Gut Shot,NPH,New Phyrexia,4,
Guttural Response,SHM,Shadowmoor,5,
Halimar Depths,WWK,Worldwake,4,
Hallowed Fountain,DIS,Dissension,3,
Hallowed Fountain,RTR,Return to Ravnica,2,
Hammer of Bogardan,MI,Mirage,1,
Hangarback Walker,ORI,Magic Origins,4,
"Hanna, Ship's Navigator",IN,Invasion,1,
Harmonic Sliver,TSP,Time Spiral,4,
Haunted Dead,EMN,Eldritch Moon,2,
Haunted Plate Mail,M14,Magic 2014,1,
Haven of the Spirit Dragon,DTK,Dragons of Tarkir,3,
Havengul Lich,DKA,Dark Ascension,1,
Hedron Crab,ZEN,Zendikar,4,
Helldozer,RAV,Ravnica: City of Guilds,1,
Hellkite Tyrant,GTC,Gatecrash,1,
Heritage Druid,MOR,Morningtide,4,
Hero's Downfall,THS,Theros,1,
Hidetsugu's Second Rite,SOK,Saviors of Kamigawa,1,
High Market,MMQ,Mercadian Masques,1,
High Tide,FEM,Fallen Empires,5,
Hinterland Harbor,ISD,Innistrad,1,
Hive Mind,M10,Magic 2010,1,
Horizon Canopy,FUT,Future Sight,4,
Horn of Greed,ST,Stronghold,1,
Hornet Nest,M15,Magic 2015,2,
Hull Breach,PS,Planeshift,1,
Humility,TE,Tempest,1,
Huntmaster of the Fells,DKA,Dark Ascension,1,
Hurkyl's Recall,3ED,Revised Edition,4,
Hydroblast,ICE,Ice Age,3,
Hymn to Tourach,FEM,Fallen Empires,8,
Hypergenesis,TSP,Time Spiral,3,
Hypersonic Dragon,RTR,Return to Ravnica,1,
Ichor Wellspring,MBS,Mirrodin Besieged,1,
Ichorclaw Myr,SOM,Scars of Mirrodin,4,
Ichorid,TOR,Torment,4,
Idle Thoughts,EVE,Eventide,1,
Ill-Gotten Gains,UZ,Urza's Saga,1,
Illness in the Ranks,GTC,Gatecrash,4,
Imp's Mischief,PLC,Planar Chaos,1,
Impulse,VI,Visions,4,
In Garruk's Wake,M15,Magic 2015,1,
Infernal Tutor,DIS,Dissension,4,
Ingot Chewer,LRW,Lorwyn,4,
"Ink-Eyes, Servant of Oni",BOK,Betrayers of Kamigawa,1,
Inkmoth Nexus,MBS,Mirrodin Besieged,4,
Inkwell Leviathan,CON,Conflux,4,
Innocent Blood,OD,Odyssey,3,
Inquisition of Kozilek,ROE,Rise of the Eldrazi,4,
Insolent Neonate,SOI,Shadows over Innistrad,4,
Intuition,TE,Tempest,4,
Invigorate,MMQ,Mercadian Masques,4,
"Iona, Shield of Emeria",ZEN,Zendikar,1,
Irrigation Ditch,IN,Invasion,4,
Island,UNH,Unhinged,11,
Island,ZEN,Zendikar,4,
Isochron Scepter,MRD,Mirrodin,4,
Izzet Boilerworks,GPT,Guildpact,1,
Izzet Charm,RTR,Return to Ravnica,4,
Izzet Signet,GPT,Guildpact,4,
Izzet Staticaster,RTR,Return to Ravnica,4,
Jace's Archivist,M12,Magic 2012,1,
"Jace, Architect of Thought",RTR,Return to Ravnica,2,
"Jace, Vryn's Prodigy",ORI,Magic Origins,4,
"Jace, the Mind Sculptor",WWK,Worldwake,3,
"Jalira, Master Polymorphist",M15,Magic 2015,1,
"Jaya Ballard, Task Mage",TSP,Time Spiral,4,
Jester's Cap,ICE,Ice Age,1,
Jet Medallion,TE,Tempest,1,
Jhoira of the Ghitu,FUT,Future Sight,1,
"Jin-Gitaxias, Core Augur",NPH,New Phyrexia,4,
Journeyer's Kite,CHK,Champions of Kamigawa,1,
Jund Charm,ALA,Shards of Alara,4,
Jungle Weaver,ALA,Shards of Alara,4,
Junk Diver,UD,Urza's Destiny,1,
Karakas,LEG,Legends,1,
Karmic Guide,UL,Urza's Legacy,1,
Karn Liberated,NPH,New Phyrexia,1,
"Karn, Silver Golem",UZ,Urza's Saga,4,
Karplusan Forest,ICE,Ice Age,4,
"Kataki, War's Wage",SOK,Saviors of Kamigawa,4,
Kederekt Leviathan,ALA,Shards of Alara,1,
"Keranos, God of Storms",JOU,Journey into Nyx,1,
Kessig Wolf Run,ISD,Innistrad,2,
Kheru Lich Lord,KTK,Khans of Tarkir,1,
"Kiki-Jiki, Mirror Breaker",CHK,Champions of Kamigawa,2,
"Kira, Great Glass-Spinner",BOK,Betrayers of Kamigawa,4,
Kird Ape,ARN,Arabian Nights,4,
Kitchen Finks,MMA,Modern Masters (2013),1,
Kitchen Finks,SHM,Shadowmoor,5,
Knight of the Reliquary,CON,Conflux,3,
Knight of the White Orchid,ALA,Shards of Alara,3,
Knowledge Pool,MBS,Mirrodin Besieged,1,
Kolaghan's Command,DTK,Dragons of Tarkir,2,
Kor Firewalker,WWK,Worldwake,3,
"Kozilek, Butcher of Truth",ROE,Rise of the Eldrazi,1,
Krark-Clan Ironworks,5DN,Fifth Dawn,2,
Krosan Grip,TSP,Time Spiral,3,
Krosan Reclamation,JUD,Judgment,4,
Kuldotha Forgemaster,SOM,Scars of Mirrodin,4,
Kuldotha Phoenix,SOM,Scars of Mirrodin,1,
Laboratory Maniac,ISD,Innistrad,3,
Land Grant,MMQ,Mercadian Masques,4,
Land Tax,4ED,4th Edition,1,
Lantern of Insight,5DN,Fifth Dawn,3,
Lava Dart,JUD,Judgment,3,
Lava Spike,CHK,Champions of Kamigawa,4,
Leechridden Swamp,SHM,Shadowmoor,1,
Leonin Relic-Warder,MBS,Mirrodin Besieged,4,
"Leovold, Emissary of Trest",CN2,Conspiracy: Take the Crown,2,
Leyline of Sanctity,M11,Magic 2011,4,
Leyline of the Void,GPT,Guildpact,4,
Lich Lord of Unx,ARB,Alara Reborn,1,
Life from the Loam,RAV,Ravnica: City of Guilds,4,
Lightning Axe,TSP,Time Spiral,4,
Lightning Bolt,3ED,Revised Edition,2,
Lightning Bolt,M10,Magic 2010,15,
Lightning Bolt,M11,Magic 2011,7,
Lightning Greaves,MRD,Mirrodin,4,
Lightning Helix,RAV,Ravnica: City of Guilds,4,
Lightning Storm,CSP,Coldsnap,2,
Liliana Vess,M10,Magic 2010,1,
Liliana of the Veil,ISD,Innistrad,4,
Liliana's Reaver,M14,Magic 2014,1,
Lingering Souls,DKA,Dark Ascension,4,
"Linvala, Keeper of Silence",ROE,Rise of the Eldrazi,1,
Lion's Eye Diamond,MI,Mirage,4,
Liquimetal Coating,SOM,Scars of Mirrodin,1,
Living End,TSP,Time Spiral,2,
Living Wish,JUD,Judgment,4,
Llanowar Elves,M10,Magic 2010,5,
Llanowar Wastes,AP,Apocalypse,4,
"Llawan, Cephalid Empress",TOR,Torment,4,
Loam Lion,WWK,Worldwake,4,
Loaming Shaman,DIS,Dissension,1,
Lodestone Golem,WWK,Worldwake,4,
Lonely Sandbar,ONS,Onslaught,6,
Lord of Atlantis,3ED,Revised Edition,1,
Lord of Atlantis,TSB,Time Spiral Timeshifted,3,
Lotus Cobra,PRM-GPP,Grand Prix Foil,2,
Lotus Cobra,ZEN,Zendikar,2,
Lotus Petal,TE,Tempest,4,
Loxodon Hierarch,RAV,Ravnica: City of Guilds,1,
Lurking Predators,M10,Magic 2010,1,
Maelstrom Nexus,ARB,Alara Reborn,1,
Maelstrom Pulse,ARB,Alara Reborn,5,
Magma Phoenix,M11,Magic 2011,1,
Magma Rift,ZEN,Zendikar,1,
Magus of the Disk,TSP,Time Spiral,1,
Magus of the Moon,FUT,Future Sight,4,
Magus of the Tabernacle,PLC,Planar Chaos,4,
Make a Wish,ISD,Innistrad,1,
Makeshift Mannequin,LRW,Lorwyn,1,
Mana Confluence,JOU,Journey into Nyx,1,
Mana Crypt,MPRP-MED,Media Inserts,1,
Mana Leak,M11,Magic 2011,4,
Mana Leak,MM2,Modern Masters 2015,1,
Mana Leak,ST,Stronghold,1,
Mana Reflection,SHM,Shadowmoor,1,
Mana Tithe,PLC,Planar Chaos,4,
Mana Vault,3ED,Revised Edition,1,
Manabond,EX,Exodus,1,
Manamorphose,SHM,Shadowmoor,6,
Marsh Flats,ZEN,Zendikar,4,
Martyr of Sands,CSP,Coldsnap,4,
Masako the Humorless,CHK,Champions of Kamigawa,1,
Masked Admirers,LRW,Lorwyn,1,
Mass Hysteria,MRD,Mirrodin,1,
Massacre Wurm,MBS,Mirrodin Besieged,1,
Massacre,NE,Nemesis,7,
Master of Etherium,ALA,Shards of Alara,4,
Master of the Feast,JOU,Journey into Nyx,1,
Maze of Ith,DRK,The Dark,2,
Meddling Mage,PS,Planeshift,4,
Meditate,TE,Tempest,3,
"Melek, Izzet Paragon",DGM,Dragon's Maze,1,
"Melira, Sylvok Outcast",NPH,New Phyrexia,1,
Memnite,SOM,Scars of Mirrodin,5,
Memoricide,SOM,Scars of Mirrodin,1,
Memory Jar,UL,Urza's Legacy,1,
Memory's Journey,ISD,Innistrad,4,
Mental Misstep,NPH,New Phyrexia,3,
Merchant Scroll,HML,Homelands,4,
Merrow Reejerey,LRW,Lorwyn,4,
Mesmeric Fiend,TOR,Torment,4,
Mesmeric Orb,MRD,Mirrodin,1,
Metalworker,UD,Urza's Destiny,4,
Might of Alara,CON,Conflux,4,
Might of Old Krosa,TSP,Time Spiral,4,
"Mikaeus, the Unhallowed",DKA,Dark Ascension,1,
Mimic Vat,SOM,Scars of Mirrodin,1,
"Minamo, School at Water's Edge",CHK,Champions of Kamigawa,3,
Mind Stone,WL,Weatherlight,6,
Mind Twist,3ED,Revised Edition,1,
Mind Unbound,M12,Magic 2012,1,
Mind's Desire,SCG,Scourge,4,
Mind's Eye,MRD,Mirrodin,1,
Mindbreak Trap,ZEN,Zendikar,3,
Mindcrank,NPH,New Phyrexia,1,
Mindmoil,RAV,Ravnica: City of Guilds,1,
Mindslaver,MRD,Mirrodin,5,
Mindslaver,SOM,Scars of Mirrodin,2,
Mirari's Wake,JUD,Judgment,1,
Mirari,OD,Odyssey,1,
"Miren, the Moaning Well",SOK,Saviors of Kamigawa,1,
Mirran Crusader,MBS,Mirrodin Besieged,2,
Mirrorworks,MBS,Mirrodin Besieged,1,
Misdirection,MMQ,Mercadian Masques,4,
Mishra's Bauble,CSP,Coldsnap,4,
Mishra's Factory,4ED,4th Edition,3,
Mishra's Factory,ATQ,Antiquities,1,
Mishra's Workshop,ATQ,Antiquities,1,
Mistbind Clique,LRW,Lorwyn,4,
Mistmeadow Witch,SHM,Shadowmoor,1,
Misty Rainforest,ZEN,Zendikar,4,
Mogg Fanatic,TE,Tempest,4,
Mogg War Marshal,TSP,Time Spiral,4,
Mold Shambler,ZEN,Zendikar,1,
Molten Disaster,FUT,Future Sight,1,
Molten Rain,MRD,Mirrodin,4,
Molten Slagheap,TSP,Time Spiral,4,
Momentary Blink,TSP,Time Spiral,1,
Monastery Mentor,FRF,Fate Reforged,4,
Monastery Swiftspear,KTK,Khans of Tarkir,1,
Monstrous Carabid,ARB,Alara Reborn,4,
Mortify,GPT,Guildpact,1,
Mosswort Bridge,LRW,Lorwyn,4,
Mother of Runes,UL,Urza's Legacy,4,
Mountain,UNH,Unhinged,15,
Mountain,ZEN,Zendikar,23,
Mouth of Ronom,CSP,Coldsnap,4,
Mox Diamond,ST,Stronghold,2,
Mox Emerald,2ED,Unlimited Edition,1,
Mox Jet,2ED,Unlimited Edition,1,
Mox Opal,SOM,Scars of Mirrodin,4,
Mox Sapphire,2ED,Unlimited Edition,1,
Muddle the Mixture,RAV,Ravnica: City of Guilds,4,
Mulldrifter,LRW,Lorwyn,1,
Murderous Cut,KTK,Khans of Tarkir,5,
Murderous Redcap,SHM,Shadowmoor,4,
Murmuring Bosk,MOR,Morningtide,1,
Muscle Sliver,TE,Tempest,4,
Mutagenic Growth,NPH,New Phyrexia,6,
Mutavault,MOR,Morningtide,4,
Mycosynth Lattice,DST,Darksteel,1,
Mycosynth Wellspring,NPH,New Phyrexia,1,
Myr Battlesphere,SOM,Scars of Mirrodin,2,
Myr Matrix,DST,Darksteel,1,
Myr Propagator,SOM,Scars of Mirrodin,1,
Myr Retriever,MRD,Mirrodin,1,
Myr Turbine,MBS,Mirrodin Besieged,1,
Mystic Gate,SHM,Shadowmoor,3,
Mystic Remora,ICE,Ice Age,4,
Mystic Retrieval,DKA,Dark Ascension,1,
Mystic Snake,AP,Apocalypse,1,
Mystical Teachings,TSP,Time Spiral,4,
Mystical Tutor,MI,Mirage,3,
Nameless Inversion,MM2,Modern Masters 2015,4,
Narcomoeba,FUT,Future Sight,4,
Natural Order,POR,Portal,1,
Natural Order,VI,Visions,3,
Natural State,OGW,Oath of the Gatewatch,4,
Naturalize,10E,10th Edition,5,
Nature's Claim,WWK,Worldwake,6,
Necromancy,VI,Visions,1,
Necropotence,ICE,Ice Age,1,
Necrotic Ooze,SOM,Scars of Mirrodin,3,
Negate,MOR,Morningtide,4,
"Nekusar, the Mindrazer",C13,Commander 2013,1,
Nephalia Smuggler,AVR,Avacyn Restored,1,
Nether Spirit,MMQ,Mercadian Masques,1,
Nettle Sentinel,EVE,Eventide,4,
Nevermaker,MOR,Morningtide,1,
Nevinyrral's Disk,3ED,Revised Edition,4,
Nevinyrral's Disk,4ED,4th Edition,1,
"Nicol Bolas, Planeswalker",CON,Conflux,1,
Nihil Spellbomb,SOM,Scars of Mirrodin,5,
Nim Deathmantle,SOM,Scars of Mirrodin,1,
Nimble Mongoose,OD,Odyssey,4,
Nimbus Maze,FUT,Future Sight,4,
Ninja of the Deep Hours,BOK,Betrayers of Kamigawa,5,
Nivix Guildmage,RTR,Return to Ravnica,1,
Nix,FUT,Future Sight,1,
Noble Hierarch,CON,Conflux,4,
Norin the Wary,TSP,Time Spiral,4,
Notion Thief,DGM,Dragon's Maze,3,
Nourishing Shoal,BOK,Betrayers of Kamigawa,4,
Noxious Ghoul,LGN,Legions,1,
Noxious Revival,NPH,New Phyrexia,1,
Null Rod,WL,Weatherlight,4,
Nullmage Advocate,JUD,Judgment,1,
"Nykthos, Shrine to Nyx",THS,Theros,1,
Oath of Druids,EX,Exodus,4,
Oblivion Ring,ALA,Shards of Alara,4,
Oblivion Ring,LRW,Lorwyn,4,
Oblivion Stone,MRD,Mirrodin,4,
"Oboro, Palace in the Clouds",SOK,Saviors of Kamigawa,1,
Obstinate Baloth,M11,Magic 2011,1,
"Okina, Temple to the Grandfathers",CHK,Champions of Kamigawa,1,
Olivia Voldaren,ISD,Innistrad,1,
Omniscience,M13,Magic 2013,4,
Opt,IN,Invasion,3,
"Oran-Rief, the Vastwood",ZEN,Zendikar,2,
Orim's Chant,PS,Planeshift,4,
Ornithopter,M10,Magic 2010,4,
Ornithopter,MRD,Mirrodin,4,
Orzhov Pontiff,GPT,Guildpact,4,
Orzhov Signet,GPT,Guildpact,4,
Oust,ROE,Rise of the Eldrazi,4,
Overgrown Tomb,RAV,Ravnica: City of Guilds,4,
Overgrown Tomb,RTR,Return to Ravnica,2,
Oversold Cemetery,ONS,Onslaught,1,
Pack Rat,RTR,Return to Ravnica,1,
Pact of Negation,FUT,Future Sight,4,
Pact of the Titan,FUT,Future Sight,1,
Painful Truths,BFZ,Battle for Zendikar,2,
Painter's Servant,SHM,Shadowmoor,3,
Panglacial Wurm,CSP,Coldsnap,1,
Past in Flames,ISD,Innistrad,1,
Path to Exile,CON,Conflux,6,
Patriarch's Bidding,ONS,Onslaught,1,
Peer Through Depths,CHK,Champions of Kamigawa,4,
Pendelhaven,TSB,Time Spiral Timeshifted,2,
Pentad Prism,5DN,Fifth Dawn,4,
Pentavus,MRD,Mirrodin,1,
Perish,TE,Tempest,4,
Pernicious Deed,AP,Apocalypse,4,
Perplexing Chimera,BNG,Born of the Gods,1,
Pestermite,LRW,Lorwyn,4,
Petrified Field,OD,Odyssey,1,
Phyrexia's Core,NPH,New Phyrexia,1,
Phyrexian Arena,AP,Apocalypse,1,
Phyrexian Crusader,MBS,Mirrodin Besieged,1,
Phyrexian Metamorph,NPH,New Phyrexia,1,
Phyrexian Revoker,MBS,Mirrodin Besieged,4,
Phyrexian Tower,UZ,Urza's Saga,1,
Phyrexian Vatmother,MBS,Mirrodin Besieged,1,
Phyrexian Vault,MI,Mirage,1,
Pillar of Flame,AVR,Avacyn Restored,4,
Piracy Charm,PLC,Planar Chaos,1,
Pithing Needle,SOK,Saviors of Kamigawa,4,
Plaguebearer,EX,Exodus,1,
Plains,UNH,Unhinged,7,
Plains,ZEN,Zendikar,3,
Plateau,3ED,Revised Edition,4,
Platinum Angel,MRD,Mirrodin,4,
Platinum Emperion,SOM,Scars of Mirrodin,2,
Polluted Delta,KTK,Khans of Tarkir,1,
Polluted Delta,ONS,Onslaught,4,
Ponder,LRW,Lorwyn,4,
Ponder,M10,Magic 2010,8,
Ponder,M12,Magic 2012,1,
Ponder,PRM-MPR,Magic Player Rewards,3,
Pontiff of Blight,DGM,Dragon's Maze,1,
Portent,ICE,Ice Age,1,
Powder Keg,UD,Urza's Destiny,3,
Pox,ICE,Ice Age,1,
Praetor's Grasp,NPH,New Phyrexia,3,
Precursor Golem,SOM,Scars of Mirrodin,1,
Predatory Advantage,ARB,Alara Reborn,1,
Predict,OD,Odyssey,1,
Preordain,M11,Magic 2011,9,
Prescient Chimera,THS,Theros,1,
Price of Progress,EX,Exodus,4,
Prime Speaker Zegana,GTC,Gatecrash,1,
Primeval Titan,PRM-GPP,Grand Prix Foil,3,
Primeval Titan,M11,Magic 2011,1,
Primordial Sage,RAV,Ravnica: City of Guilds,1,
Prismatic Omen,SHM,Shadowmoor,4,
Progenitus,CON,Conflux,4,
Propaganda,TE,Tempest,4,
Prophet of Kruphix,THS,Theros,2,
Prophetic Prism,ROE,Rise of the Eldrazi,4,
Prosperity,VI,Visions,1,
Protean Hulk,DIS,Dissension,1,
Psychic Intrusion,THS,Theros,1,
Punishing Fire,ZEN,Zendikar,4,
Putrid Imp,TOR,Torment,4,
Pyretic Ritual,M11,Magic 2011,4,
Pyrite Spellbomb,MRD,Mirrodin,5,
Pyroblast,ICE,Ice Age,7,
Pyroclasm,ICE,Ice Age,4,
Pyroclasm,M10,Magic 2010,4,
Pyroclasm,M11,Magic 2011,1,
Pyrokinesis,ALL,Alliances,4,
Pyromancer Ascension,ZEN,Zendikar,4,
Pyrostatic Pillar,SCG,Scourge,4,
Qasali Pridemage,ARB,Alara Reborn,4,
Quirion Ranger,VI,Visions,4,
Raging Ravine,WWK,Worldwake,4,
Rakdos Carnarium,DIS,Dissension,1,
Rakdos Signet,DIS,Dissension,5,
Rancor,UL,Urza's Legacy,8,
Ranger of Eos,ALA,Shards of Alara,4,
Ratchet Bomb,SOM,Scars of Mirrodin,1,
Raven's Crime,EVE,Eventide,4,
Ravenous Trap,ZEN,Zendikar,4,
Ray of Revelation,DKA,Dark Ascension,4,
Ray of Revelation,JUD,Judgment,1,
Razorverge Thicket,SOM,Scars of Mirrodin,4,
Reality Smasher,OGW,Oath of the Gatewatch,1,
Reanimate,TE,Tempest,4,
Reaper from the Abyss,ISD,Innistrad,1,
Reaper of the Wilds,THS,Theros,1,
Reassembling Skeleton,M11,Magic 2011,1,
Rebuild,UL,Urza's Legacy,3,
Recall,CHR,Chronicles,2,
Recall,LEG,Legends,1,
Reclamation Sage,M15,Magic 2015,5,
Red Elemental Blast,3ED,Revised Edition,2,
Redirect,M12,Magic 2012,1,
Reflecting Pool,SHM,Shadowmoor,4,
Reflecting Pool,TE,Tempest,1,
Regal Force,EVE,Eventide,4,
Regrowth,3ED,Revised Edition,2,
Reiterate,TSP,Time Spiral,1,
Release the Ants,MOR,Morningtide,4,
Relentless Assault,VI,Visions,1,
Relic of Progenitus,ALA,Shards of Alara,4,
Reliquary Tower,M13,Magic 2013,1,
Remand,RAV,Ravnica: City of Guilds,5,
Repeal,GPT,Guildpact,6,
Reset,LEG,Legends,4,
Reshape,DST,Darksteel,4,
Rest in Peace,RTR,Return to Ravnica,3,
Restoration Angel,AVR,Avacyn Restored,1,
Retract,DST,Darksteel,4,
Reveillark,MOR,Morningtide,4,
Reverberate,M12,Magic 2012,1,
Reverent Silence,NE,Nemesis,1,
Rift Bolt,TSP,Time Spiral,4,
Riftstone Portal,JUD,Judgment,4,
Riptide Laboratory,ONS,Onslaught,1,
Rise of the Dark Realms,M14,Magic 2014,1,
Rishadan Port,MMQ,Mercadian Masques,4,
Rite of Flame,CSP,Coldsnap,4,
Rites of Flourishing,FUT,Future Sight,1,
River of Tears,FUT,Future Sight,4,
Rooftop Storm,ISD,Innistrad,1,
Roon of the Hidden Realm,C13,Commander 2013,1,
Root Maze,TE,Tempest,1,
Rot Farm Skeleton,DGM,Dragon's Maze,1,
Rough/Tumble,PLC,Planar Chaos,4,
Royal Assassin,M11,Magic 2011,1,
Rubinia Soulsinger,LEG,Legends,1,
Rugged Prairie,EVE,Eventide,4,
Rule of Law,MRD,Mirrodin,4,
Runed Halo,SHM,Shadowmoor,4,
"Ruric Thar, the Unbowed",DGM,Dragon's Maze,1,
Sacred Foundry,GTC,Gatecrash,2,
Sacred Foundry,RAV,Ravnica: City of Guilds,4,
Saffi Eriksdotter,TSP,Time Spiral,1,
Sakura-Tribe Elder,CHK,Champions of Kamigawa,6,
Saltcrusted Steppe,TSP,Time Spiral,4,
Salvaging Station,5DN,Fifth Dawn,1,
Sapling of Colfenor,EVE,Eventide,1,
Savannah,3ED,Revised Edition,4,
Scalding Tarn,ZEN,Zendikar,4,
Scapeshift,MOR,Morningtide,4,
Scarecrone,EVE,Eventide,1,
Scavenging Ooze,M14,Magic 2014,2,
Scourge Devil,ALA,Shards of Alara,4,
Scrabbling Claws,MRD,Mirrodin,1,
Scrubland,3ED,Revised Edition,4,
Scrying Sheets,CSP,Coldsnap,4,
Sculpting Steel,MRD,Mirrodin,1,
Sea Gate Oracle,ROE,Rise of the Eldrazi,1,
Seachrome Coast,SOM,Scars of Mirrodin,2,
Seal of Doom,DIS,Dissension,1,
Seal of Fire,DIS,Dissension,4,
Seal of Fire,NE,Nemesis,4,
Seal of Primordium,PLC,Planar Chaos,4,
Search for Tomorrow,TSP,Time Spiral,4,
Searing Blaze,WWK,Worldwake,4,
Seat of the Synod,MRD,Mirrodin,12,
Secluded Steppe,ONS,Onslaught,8,
"Sedris, the Traitor King",ALA,Shards of Alara,1,
See the Unwritten,KTK,Khans of Tarkir,1,
Seething Song,MRD,Mirrodin,4,
Seismic Assault,EX,Exodus,4,
Sejiri Refuge,ZEN,Zendikar,4,
Selesnya Sanctuary,RAV,Ravnica: City of Guilds,1,
Selesnya Signet,RAV,Ravnica: City of Guilds,4,
Sensei's Divining Top,CHK,Champions of Kamigawa,8,
Serendib Djinn,ARN,Arabian Nights,1,
Serra Ascendant,M11,Magic 2011,3,
Serra Avenger,TSP,Time Spiral,4,
Serra's Sanctum,UZ,Urza's Saga,2,
Serum Visions,5DN,Fifth Dawn,4,
Servant of Tymaret,BNG,Born of the Gods,1,
Shahrazad,ARN,Arabian Nights,1,
Shard Volley,MOR,Morningtide,4,
Shattering Pulse,EX,Exodus,1,
Shattering Spree,GPT,Guildpact,6,
Shatterstorm,3ED,Revised Edition,4,
Shelldock Isle,LRW,Lorwyn,3,
"Sheoldred, Whispering One",PRM-PRE,Prerelease Foil,1,
Shepherd of Rot,ONS,Onslaught,1,
Shimmer Myr,MBS,Mirrodin Besieged,1,
Shining Shoal,BOK,Betrayers of Kamigawa,4,
Shivan Dragon,2ED,Unlimited Edition,1,
Shivan Reef,AP,Apocalypse,4,
"Shizo, Death's Storehouse",CHK,Champions of Kamigawa,1,
Show and Tell,UZ,Urza's Saga,4,
Shrapnel Blast,MRD,Mirrodin,4,
Shriekmaw,LRW,Lorwyn,3,
Siege Rhino,KTK,Khans of Tarkir,2,
Siege-Gang Commander,SCG,Scourge,4,
"Sigarda, Host of Herons",AVR,Avacyn Restored,1,
Sigil of the Empty Throne,CON,Conflux,2,
Signal Pest,MBS,Mirrodin Besieged,4,
Silence,M10,Magic 2010,4,
Silvergill Adept,LRW,Lorwyn,4,
Simian Spirit Guide,PLC,Planar Chaos,4,
Simic Growth Chamber,DIS,Dissension,1,
Simic Signet,DIS,Dissension,4,
Sinew Sliver,PLC,Planar Chaos,4,
Sire of Insanity,DGM,Dragon's Maze,1,
Skaab Ruinator,ISD,Innistrad,1,
Skirk Prospector,ONS,Onslaught,4,
Skullclamp,DST,Darksteel,1,
Skullcrack,GTC,Gatecrash,5,
Sky Hussar,DIS,Dissension,4,
Skyscribing,DIS,Dissension,1,
Slaughter Games,RTR,Return to Ravnica,3,
Slaughter Pact,FUT,Future Sight,4,
Sleight of Hand,7E,7th Edition,4,
Slippery Bogle,EVE,Eventide,4,
"Slobad, Goblin Tinkerer",DST,Darksteel,1,
Smallpox,TSP,Time Spiral,4,
Smash to Smithereens,MM2,Modern Masters 2015,1,
Smash to Smithereens,SHM,Shadowmoor,5,
Smokestack,UZ,Urza's Saga,4,
Snakeform,EVE,Eventide,1,
Snap,UL,Urza's Legacy,4,
Snapback,TSP,Time Spiral,4,
Snapcaster Mage,ISD,Innistrad,5,
Sneak Attack,UZ,Urza's Saga,4,
Snow-Covered Forest,CSP,Coldsnap,9,
Snow-Covered Forest,ICE,Ice Age,23,
Snow-Covered Island,CSP,Coldsnap,4,
Snow-Covered Island,ICE,Ice Age,3,
Snow-Covered Mountain,CSP,Coldsnap,4,
Snow-Covered Mountain,ICE,Ice Age,12,
Snow-Covered Plains,CSP,Coldsnap,5,
Snow-Covered Plains,ICE,Ice Age,3,
Snow-Covered Swamp,CSP,Coldsnap,12,
Snow-Covered Swamp,ICE,Ice Age,5,
Sol Ring,3ED,Revised Edition,1,
Sol Ring,CMD,Commander (2011),3,
Solemn Simulacrum,MRD,Mirrodin,3,
Solitary Confinement,JUD,Judgment,4,
Sonic Burst,EX,Exodus,4,
Soul Ransom,GTC,Gatecrash,1,
Soul Warden,M10,Magic 2010,4,
Soul of New Phyrexia,M15,Magic 2015,1,
Sower of Temptation,LRW,Lorwyn,3,
Sowing Salt,BOK,Betrayers of Kamigawa,4,
Spatial Contortion,OGW,Oath of the Gatewatch,2,
Spawning Pit,DST,Darksteel,1,
Spectral Procession,SHM,Shadowmoor,4,
Spell Pierce,ZEN,Zendikar,12,
Spell Snare,DIS,Dissension,4,
Spellskite,NPH,New Phyrexia,5,
Spellstutter Sprite,LRW,Lorwyn,4,
Sphere of Resistance,EX,Exodus,4,
Sphinx of Lost Truths,ZEN,Zendikar,3,
Sphinx of Uthuun,M12,Magic 2012,1,
Sphinx of the Steel Wind,ARB,Alara Reborn,2,
Spike Feeder,ST,Stronghold,3,
Spike Weaver,EX,Exodus,1,
Spine of Ish Sah,MBS,Mirrodin Besieged,1,
Spinerock Knoll,LRW,Lorwyn,2,
Spire of Industry,AER,Aether Revolt,2,
Spirit of the Labyrinth,BNG,Born of the Gods,2,
Spiteful Blow,JOU,Journey into Nyx,1,
Spoils of the Vault,MRD,Mirrodin,4,
Spreading Seas,ZEN,Zendikar,4,
Springleaf Drum,LRW,Lorwyn,4,
Staff of Domination,5DN,Fifth Dawn,1,
Staff of Nin,M13,Magic 2013,2,
Standstill,OD,Odyssey,4,
Starstorm,ONS,Onslaught,1,
Steam Augury,THS,Theros,1,
Steam Vents,GPT,Guildpact,4,
Steel Hellkite,SOM,Scars of Mirrodin,1,
Steel Overseer,DDF,Duel Decks: Elspeth vs. Tezzeret,2,
Steel Overseer,M11,Magic 2011,2,
Steel Sabotage,MBS,Mirrodin Besieged,4,
Steelshaper's Gift,5DN,Fifth Dawn,2,
Steppe Lynx,ZEN,Zendikar,4,
Sterling Grove,IN,Invasion,4,
Stifle,SCG,Scourge,4,
Stingerfling Spider,M12,Magic 2012,1,
Stingscourger,PLC,Planar Chaos,4,
Stinkweed Imp,RAV,Ravnica: City of Guilds,4,
Stirring Wildwood,WWK,Worldwake,3,
Stomping Ground,GPT,Guildpact,4,
Stonecloaker,PLC,Planar Chaos,1,
Stoneforge Mystic,WWK,Worldwake,4,
Stony Silence,ISD,Innistrad,1,
Storage Matrix,UD,Urza's Destiny,1,
Strangling Soot,TSP,Time Spiral,1,
Strategic Planning,C13,Commander 2013,1,
Street Wraith,FUT,Future Sight,4,
Strionic Resonator,M14,Magic 2014,1,
Strip Mine,4ED,4th Edition,4,
Strip Mine,ATQ,Antiquities,1,
Stronghold Assassin,ST,Stronghold,1,
Stubborn Denial,KTK,Khans of Tarkir,4,
Submerge,NE,Nemesis,4,
Sudden Shock,TSP,Time Spiral,4,
Sulfur Elemental,PLC,Planar Chaos,4,
Sulfur Vent,IN,Invasion,4,
Sulfuric Vortex,SCG,Scourge,5,
Sulfurous Springs,ICE,Ice Age,3,
Summoner's Pact,FUT,Future Sight,4,
Summoning Station,5DN,Fifth Dawn,1,
Sun Titan,M11,Magic 2011,1,
Sunblast Angel,SOM,Scars of Mirrodin,1,
Sundering Titan,DST,Darksteel,3,
Sunken Hope,PS,Planeshift,1,
Sunken Ruins,SHM,Shadowmoor,4,
Sunpetal Grove,M12,Magic 2012,1,
Suppression Field,RAV,Ravnica: City of Guilds,4,
Surgical Extraction,NPH,New Phyrexia,3,
Survival of the Fittest,EX,Exodus,4,
Swamp,UNH,Unhinged,14,
Swan Song,THS,Theros,1,
Swans of Bryn Argoll,SHM,Shadowmoor,4,
Sword of Body and Mind,SOM,Scars of Mirrodin,2,
Sword of Fire and Ice,DST,Darksteel,4,
Sword of Light and Shadow,DST,Darksteel,4,
Sword of War and Peace,NPH,New Phyrexia,1,
Sword of the Meek,FUT,Future Sight,3,
Swords to Plowshares,3ED,Revised Edition,1,
Swords to Plowshares,4ED,4th Edition,2,
Swords to Plowshares,ATH,Anthologies,1,
Swords to Plowshares,BRB,Battle Royale,1,
Swords to Plowshares,ICE,Ice Age,6,
Sylvan Library,4ED,4th Edition,3,
Sylvan Library,5ED,5th Edition,1,
Sylvan Safekeeper,JUD,Judgment,1,
Sylvan Scrying,MRD,Mirrodin,4,
Syphon Flesh,CMD,Commander (2011),1,
Taiga,3ED,Revised Edition,4,
Tangle Wire,NE,Nemesis,4,
Tarfire,LRW,Lorwyn,4,
Tarmogoyf,FUT,Future Sight,8,
"Tasigur, the Golden Fang",FRF,Fate Reforged,3,
Tectonic Edge,WWK,Worldwake,2,
Teferi's Puzzle Box,VI,Visions,1,
Telemin Performance,CON,Conflux,1,
Telling Time,RAV,Ravnica: City of Guilds,4,
Tempered Steel,SOM,Scars of Mirrodin,1,
Temple Bell,M11,Magic 2011,1,
Temple Garden,RAV,Ravnica: City of Guilds,4,
Temple Garden,RTR,Return to Ravnica,4,
Temple of the False God,SCG,Scourge,3,
Tempt with Reflections,C13,Commander 2013,1,
Temur Battle Rage,FRF,Fate Reforged,6,
Tendrils of Agony,SCG,Scourge,4,
Terastodon,WWK,Worldwake,1,
Terminate,ARB,Alara Reborn,4,
Terminate,PS,Planeshift,5,
Terminus,AVR,Avacyn Restored,1,
Terminus,MM3,Modern Masters 2017,3,
Terramorphic Expanse,10E,10th Edition,4,
Tetravus,ATQ,Antiquities,1,
Tezzeret the Seeker,ALA,Shards of Alara,1,
"Tezzeret, Agent of Bolas",MBS,Mirrodin Besieged,1,
"Thada Adel, Acquisitor",WWK,Worldwake,3,
"Thalia, Guardian of Thraben",DKA,Dark Ascension,4,
"Thalia, Heretic Cathar",EMN,Eldritch Moon,2,
Thawing Glaciers,ALL,Alliances,1,
Thespian's Stage,GTC,Gatecrash,4,
Thirst for Knowledge,MRD,Mirrodin,7,
Thopter Assembly,MBS,Mirrodin Besieged,1,
Thopter Foundry,ARB,Alara Reborn,4,
Thorn of Amethyst,LRW,Lorwyn,4,
Thought Scour,DKA,Dark Ascension,3,
Thoughtcast,MRD,Mirrodin,8,
Thoughtseize,LRW,Lorwyn,4,
Thran Dynamo,UD,Urza's Destiny,1,
Thran Forge,WL,Weatherlight,1,
Thraximundar,ARB,Alara Reborn,1,
Threads of Disloyalty,BOK,Betrayers of Kamigawa,4,
Through the Breach,CHK,Champions of Kamigawa,4,
Thrull Parasite,GTC,Gatecrash,1,
Thundermaw Hellkite,M13,Magic 2013,4,
Tidehollow Sculler,ALA,Shards of Alara,4,
Tidespout Tyrant,DIS,Dissension,1,
Timely Reinforcements,M12,Magic 2012,3,
Tin Street Hooligan,GPT,Guildpact,6,
Tinder Farm,IN,Invasion,4,
Tinder Wall,ICE,Ice Age,4,
Tinker,UL,Urza's Legacy,1,
Tireless Tribe,OD,Odyssey,4,
Tolaria West,FUT,Future Sight,4,
Tolarian Academy,UZ,Urza's Saga,1,
Tolarian Winds,UZ,Urza's Saga,4,
Tomb of the Spirit Dragon,KTK,Khans of Tarkir,4,
Tombstone Stairwell,MI,Mirage,1,
Tormenting Voice,KTK,Khans of Tarkir,1,
Tormod's Crypt,CHR,Chronicles,2,
Tormod's Crypt,M13,Magic 2013,1,
Tormod's Crypt,TSB,Time Spiral Timeshifted,6,
Torpor Orb,NPH,New Phyrexia,4,
Tower of the Magistrate,MMQ,Mercadian Masques,3,
Trading Post,M13,Magic 2013,1,
Tranquil Thicket,ONS,Onslaught,4,
Transmogrifying Licid,EX,Exodus,1,
Transmute Artifact,ATQ,Antiquities,4,
Treasure Cruise,KTK,Khans of Tarkir,6,
Tree of Tales,MRD,Mirrodin,4,
Treetop Village,10E,10th Edition,3,
Treetop Village,UL,Urza's Legacy,4,
Trickbind,TSP,Time Spiral,1,
Trinisphere,DST,Darksteel,4,
Trinket Mage,5DN,Fifth Dawn,4,
Trinket Mage,SOM,Scars of Mirrodin,4,
Triskelavus,TSP,Time Spiral,1,
Triskelion,MRD,Mirrodin,1,
Tropical Island,3ED,Revised Edition,4,
True-Name Nemesis,C13,Commander 2013,4,
Trygon Predator,DIS,Dissension,4,
Tuktuk Scrapper,WWK,Worldwake,3,
Tundra,3ED,Revised Edition,4,
Turn Aside,SOM,Scars of Mirrodin,4,
Turnabout,UZ,Urza's Saga,4,
Twilight Mire,EVE,Eventide,4,
Twincast,M10,Magic 2010,1,
Twincast,SOK,Saviors of Kamigawa,3,
Twisted Abomination,SCG,Scourge,1,
Twisted Image,SOM,Scars of Mirrodin,3,
"Ulamog, the Infinite Gyre",ROE,Rise of the Eldrazi,1,
Umezawa's Jitte,BOK,Betrayers of Kamigawa,6,
Umezawa's Jitte,PRM-GPP,Grand Prix Foil,1,
Unburial Rites,ISD,Innistrad,1,
Undead Alchemist,ISD,Innistrad,1,
Undercity Informer,GTC,Gatecrash,3,
Underground River,ICE,Ice Age,4,
Underground Sea,3ED,Revised Edition,4,
Underworld Cerberus,THS,Theros,1,
Underworld Connections,RTR,Return to Ravnica,1,
Unearth,UL,Urza's Legacy,3,
Unexpectedly Absent,C13,Commander 2013,1,
Unexpectedly Absent,EMA,Eternal Masters,4,
Unholy Grotto,ONS,Onslaught,1,
Unified Will,ROE,Rise of the Eldrazi,1,
Unmask,MMQ,Mercadian Masques,4,
Unravel the Aether,BNG,Born of the Gods,1,
Unwinding Clock,NPH,New Phyrexia,1,
"Urborg, Tomb of Yawgmoth",PLC,Planar Chaos,5,
Urza's Factory,PRM-CHP,Champs Rewards,1,
Urza's Mine,CHR,Chronicles,6,
Urza's Power Plant,5ED,5th Edition,3,
Urza's Power Plant,CHR,Chronicles,8,
Urza's Tower,5ED,5th Edition,2,
Urza's Tower,CHR,Chronicles,6,
"Valakut, the Molten Pinnacle",ZEN,Zendikar,2,
Valley Rannet,ARB,Alara Reborn,4,
Vampire Hexmage,ZEN,Zendikar,4,
Vampiric Tutor,6ED,6th Edition,1,
Vampiric Tutor,VI,Visions,3,
Vandalblast,RTR,Return to Ravnica,5,
Vanishment,AVR,Avacyn Restored,1,
Vapor Snag,NPH,New Phyrexia,4,
Vault Skirge,NPH,New Phyrexia,4,
Vault of Whispers,PC1,Planechase (2009),7,
Vault of Whispers,MRD,Mirrodin,1,
Vedalken Orrery,5DN,Fifth Dawn,1,
Vendilion Clique,MM2,Modern Masters 2015,1,
Vendilion Clique,MOR,Morningtide,3,
Vengeful Dead,SCG,Scourge,1,
Vengeful Pharaoh,M12,Magic 2012,1,
Vengevine,ROE,Rise of the Eldrazi,1,
"Venser, Shaper Savant",FUT,Future Sight,4,
"Venser, the Sojourner",SOM,Scars of Mirrodin,1,
Verdant Catacombs,ZEN,Zendikar,4,
Vesuva,TSP,Time Spiral,4,
Vexing Shusher,SHM,Shadowmoor,4,
Viashino Heretic,UL,Urza's Legacy,1,
Vicious Shadows,ALA,Shards of Alara,1,
Vindicate,AP,Apocalypse,4,
Vines of Vastwood,ZEN,Zendikar,4,
Violent Outburst,ARB,Alara Reborn,4,
Viridian Corrupter,MBS,Mirrodin Besieged,4,
Virulent Plague,DTK,Dragons of Tarkir,2,
Viscera Seer,M11,Magic 2011,4,
Vision Skeins,DIS,Dissension,1,
Voidmage Husher,TSP,Time Spiral,1,
Volcanic Fallout,CON,Conflux,4,
Volcanic Island,2ED,Unlimited Edition,1,
Volcanic Island,3ED,Revised Edition,3,
Volrath's Stronghold,ST,Stronghold,4,
Voltaic Key,M11,Magic 2011,4,
Voltaic Key,UZ,Urza's Saga,4,
Vryn Wingmare,ORI,Magic Origins,2,
Walking Ballista,AER,Aether Revolt,1,
Wall of Blossoms,ST,Stronghold,1,
Wall of Omens,ROE,Rise of the Eldrazi,3,
Wall of Roots,MI,Mirage,3,
Wall of Roots,TSB,Time Spiral Timeshifted,3,
Warping Wail,OGW,Oath of the Gatewatch,3,
Warren Weirding,MOR,Morningtide,3,
Wasteland,TE,Tempest,4,
Wastes,OGW,Oath of the Gatewatch,25,
Waterfront Bouncer,MMQ,Mercadian Masques,2,
Watery Grave,GTC,Gatecrash,1,
Watery Grave,RAV,Ravnica: City of Guilds,4,
Wear/Tear,DGM,Dragon's Maze,6,
Welding Jar,MRD,Mirrodin,3,
Wheel of Fortune,3ED,Revised Edition,1,
Whip of Erebos,THS,Theros,1,
Whipflare,NPH,New Phyrexia,2,
Whispering Madness,GTC,Gatecrash,1,
Whitemane Lion,PLC,Planar Chaos,1,
Wild Defiance,AVR,Avacyn Restored,4,
Wild Guess,M14,Magic 2014,1,
Wild Nacatl,ALA,Shards of Alara,4,
Wild Ricochet,LRW,Lorwyn,1,
Wild Ricochet,M14,Magic 2014,1,
Wilt-Leaf Liege,SHM,Shadowmoor,4,
Windbrisk Heights,LRW,Lorwyn,4,
Windfall,UZ,Urza's Saga,1,
Winding Canyons,WL,Weatherlight,1,
Windswept Heath,KTK,Khans of Tarkir,3,
Windswept Heath,ONS,Onslaught,4,
Winter Orb,3ED,Revised Edition,3,
Winter Orb,4ED,4th Edition,1,
Winter Orb,5ED,5th Edition,1,
Wipe Away,TSP,Time Spiral,5,
Wirewood Symbiote,SCG,Scourge,4,
Withered Wretch,LGN,Legions,1,
Wooded Bastion,SHM,Shadowmoor,4,
Wooded Foothills,ONS,Onslaught,4,
Woodfall Primus,SHM,Shadowmoor,1,
Word of Seizing,TSP,Time Spiral,1,
Words of War,ONS,Onslaught,4,
Worldgorger Dragon,JUD,Judgment,2,
Worldly Tutor,MI,Mirage,2,
Worldspine Wurm,RTR,Return to Ravnica,1,
Worn Powerstone,UZ,Urza's Saga,1,
Worship,UZ,Urza's Saga,2,
Wrath of God,4ED,4th Edition,2,
Wrath of God,5ED,5th Edition,1,
Wren's Run Packmaster,LRW,Lorwyn,1,
Wurmcoil Engine,PRM-PRE,Prerelease Foil,5,
Xantid Swarm,SCG,Scourge,4,
Yavimaya Coast,AP,Apocalypse,4,
Yavimaya Hollow,UD,Urza's Destiny,1,
Yawgmoth's Bargain,UD,Urza's Destiny,1,
Yawgmoth's Will,UZ,Urza's Saga,1,
"Yeva, Nature's Herald",M13,Magic 2013,1,
Young Pyromancer,M14,Magic 2014,4,
Zameck Guildmage,GTC,Gatecrash,1,
Zealous Persecution,ARB,Alara Reborn,4,
Zombie Apocalypse,DKA,Dark Ascension,1,
Zuran Orb,ICE,Ice Age,3,
